<?xml version="1.0" encoding="UTF-8"?>
<!DOCTYPE mapper PUBLIC "-//mybatis.org//DTD Mapper 3.0//EN"
"http://mybatis.org/dtd/mybatis-3-mapper.dtd">
<mapper namespace="BoardDAO">

	<resultMap id="boardResult" type="board">
		<id property="board_no" column="BOARD_NO" />
		<result property="board_title" column="BOARD_TITLE" />
		<result property="movie_title" column="MOVIE_TITLE" />
		<result property="id" column="ID" />
		<result property="board_contents" column="BOARD_CONTENTS" />
		<result property="board_date" column="BOARD_DATE" />
		<result property="board_hits" column="BOARD_HITS" />
	</resultMap>
	
	<resultMap id="boardCntResult" type="boardCnt">
		<id property="board_cnt_no" column="BOARD_CNT_NO"/>
		<result property="id" column="ID" />
		<result property="board_no" column="BOARD_NO" />
		<result property="board_gcnt" column="BOARD_GCNT" />
		<result property="board_bcnt" column="BOARD_BCNT" />
	</resultMap>
	
	<insert id="insertBoard" parameterType="board">
		<![CDATA[
		INSERT INTO TB_BOARD(BOARD_NO, BOARD_TITLE, MOVIE_TITLE, ID, BOARD_CONTENTS)
		VALUES(BOARD_SEQ.nextval, #{board_title}, #{movie_title}, #{id}, #{board_contents})
		]]>
	</insert>

	<update id="updateBoard">
		<![CDATA[
		UPDATE TB_BOARD SET
		BOARD_TITLE = #{board_title},
		BOARD_CONTENTS = #{board_contents}
		WHERE BOARD_NO = #{board_no}
		]]>
	</update>

	<delete id="deleteBoard">
		<![CDATA[
		DELETE TB_BOARD
		WHERE BOARD_NO = #{board_no}
		]]>
	</delete>

	<select id="getBoard" resultType="board">
		<![CDATA[
		SELECT *
		FROM TB_BOARD
		WHERE BOARD_NO = #{board_no}
		]]>
	</select>
	
	<select id="boardListCnt" resultType="int">
		<![CDATA[
			SELECT COUNT(*) 
			FROM TB_BOARD 
		]]>
	</select>
	
	<update id="viewCount">
		<![CDATA[
		UPDATE TB_BOARD
		SET BOARD_HITS = BOARD_HITS + 1
		WHERE BOARD_NO = #{board_no}
		]]>
	</update>

	<!-- Dynamic SQL 적용(SQL의 중복 문제 해결, 쿼리를 두개 만들 수 있었던것을 하나로 생성) -->
	<!-- if라는 동적요소를 사용하여 조건에 따른 분기 처리를 함 -->
	<select id="getBoardList" resultMap="boardResult">
		SELECT *
		FROM TB_BOARD
		WHERE 1 = 1
		<if test="searchCondition == 'BOARD_TITLE'">
			AND BOARD_TITLE LIKE '%'||#{searchKeyword}||'%'
		</if>
		<if test="searchCondition == 'BOARD_CONTENTS'">
			AND BOARD_CONTENTS LIKE '%'||#{searchKeyword}||'%'
		</if>
			AND BOARD_NO <![CDATA[ > ]]> #{startIndex}
			AND ROWNUM <![CDATA[ <= ]]> 10
		ORDER BY BOARD_DATE DESC
	</select>
	
	<!-- menu화면에 좋아요 많이 받은 게시글 순서로 출력 -->
	<!-- ROWNUM : 출력 행 결과 개수 제한 -->
	<select id="boardList" parameterType="map" resultType="map">
		<![CDATA[
		SELECT A.*, GCNT
		FROM TB_BOARD A JOIN (
			SELECT BOARD_NO, SUM(BOARD_GCNT) AS GCNT
			FROM BOARD_CNT
			GROUP BY BOARD_NO) B
		ON A.BOARD_NO = B.BOARD_NO
		WHERE ROWNUM <= 5
		ORDER BY GCNT DESC
		]]>
	</select>

</mapper>