<?xml version="1.0" encoding="UTF-8" ?>
<!DOCTYPE mapper PUBLIC "-//mybatis.org//DTD Mapper 3.0//EN"
  "http://mybatis.org/dtd/mybatis-3-mapper.dtd">

<mapper namespace="FileDAOMybatis">
<!-- Dao 클래스이름 -->
	
	<!-- 참조할 VO클래스의 이름과 경로를 적어준다. <resultMap>의 속성 type 
	설정파일에서 typeAliase로 경로 지정해주고 별칭지어줌으롯써 여기선 userFile라고-->
	<resultMap id="FileResult" type="userFile">
		<id property="id" column="ID" />
		<result property="origin_file_name" column="ORIGIN_FILE_NAME" />
		<result property="file_name" column="FILE_NAME" />
		<result property="file_path" column="FILE_PATH" />
	</resultMap>

	<select id="getFile" resultMap="FileResult" parameterType="String">
		<![CDATA[
		SELECT *
		FROM USER_FILE
		WHERE ID = #{id} 
		]]>
	</select>
	
	<insert id="insertFile" parameterType="userFile">
		<![CDATA[
			INSERT INTO USER_FILE(ID, ORIGIN_FILE_NAME, FILE_NAME, FILE_PATH) 
			VALUES(#{id}, #{origin_file_name}, #{file_name}, #{file_path})
		]]>
	</insert>
	
	<update id="modifyFile">
		<![CDATA[
		UPDATE USER_FILE
		SET ORIGIN_FILE_NAME = #{origin_file_name}
		,FILE_NAME = #{file_name}
		,FILE_PATH = #{file_path}
		WHERE ID = #{id}
		]]>
	</update>
	
	<delete id="deleteFile" parameterType="String">
		<![CDATA[
		DELETE FROM USER_FILE
		WHERE ID = #{id}
		]]>
	</delete>
	
	

</mapper>
