<?xml version="1.0" encoding="UTF-8"?>
<!DOCTYPE mapper PUBLIC "-//mybatis.org//DTD Mapper 3.0//EN"
"http://mybatis.org/dtd/mybatis-3-mapper.dtd">
<mapper namespace="ReplyDAO">

	<!-- <resultMap id="replyResult" type="reply">
		<result property="board_no" column="BOARD_NO" />
		<result property="id" column="ID" />
		<result property="user_reply_no" column="USER_REPLY_NO" />
		<result property="user_reply" column="USER_REPLY" />
		<result property="reply_date" column="REPLY_DATE" />
		<result property="gcnt" column="GCNT" />
		<result property="bcnt" column="BCNT" />
	</resultMap> -->

	<!-- id는 필수 속성, Mapper 파일들 내에서 유일한 아이디를 등록해야함 -->
	<insert id="insertReply" parameterType="reply">
		<![CDATA[
		INSERT INTO TB_REPLY(BOARD_NO, ID, USER_REPLY_NO, USER_REPLY)
		VALUES(#{board_no}, #{id}, (SELECT NVL(MAX(USER_REPLY_NO), 0) + 1 FROM TB_REPLY),
		#{user_reply})
		]]>
	</insert>
	
	
	<!-- 댓글 조회는 게시물 번호(board_no)만 이용하여 조회하되 결과는 ReplyVO의 형태로 반환되므로, 
	파라미터타입(parameterType)는 정수형(int)이며 resultType은 ReplyVO -->
	<select id="replyList" parameterType="int" resultType="reply">
		<![CDATA[
		SELECT ID, USER_REPLY, REPLY_DATE 
		FROM TB_REPLY
		WHERE BOARD_NO = #{board_no}
		ORDER BY USER_REPLY_NO
		]]>
	</select>

</mapper>