<?xml version="1.0" encoding="UTF-8" ?>
<!DOCTYPE mapper PUBLIC "-//mybatis.org//DTD Mapper 3.0//EN"
"http://mybatis.org/dtd/mybatis-3-mapper.dtd">
<mapper namespace="reply">

	<resultMap id="replyResult" type="reply">
		<result property="boardNo" column="BOARD_NO"/>
		<result property="userCode" column="USER_CODE"/>
		<result property="userReplyNo" column="USER_REPLY_NO"/>
		<result property="userReply" column="USER_REPLY"/>
		<result property="replyDate" column="REPLY_DATE"/>
	</resultMap>

	<select id="getReplyList" resultMap="replyResult">
	SELECT *
	FROM TB_REPLY
	ORDER BY USER_REPLY_NO DESC
	</select>

	<select id="getReply" resultMap="replyResult" parameterType="reply">
		<![CDATA[
		SELECT *
		FROM TB_REPLY
		WHERE USER_REPLY_NO = #{userReplyNo}
		]]>
	</select>

		<insert id="insertReply" parameterType="reply">
		<![CDATA[
		INSERT INTO TB_REPLY(
			  BOARD_NO
			, USER_CODE
			, USER_REPLY_NO
			, USER_REPLY
			) VALUES (
			  #{boardNo}
			, #{userCode}
			, (SELECT NVL(MAX(USER_REPLY_NO), 0) + 1 FROM TB_REPLY WHERE 1=1 AND BOARD_NO = #{boardNo} AND USER_CODE = #{userCode})
			, #{userReply}
			)
		]]>
	</insert>
	<update id="updateReply" parameterType="reply">
		<![CDATA[
		/*	updateBoard	*/
			UPDATE TB_REPLY
			SET 
			USER_REPLY  =  #{userReply}
			WHERE 1=1
			AND BOARD_NO = #{boardNo}
			AND USER_REPLY_NO = #{userReplyNo}
		]]>
	</update>
	
	<delete id="deleteReply" parameterType="reply">
		<![CDATA[
		/*	deleteReply	*/
			DELETE
			FROM  TB_REPLY
			WHERE USER_REPLY_NO = #{userReplyNo}
		]]>
	</delete>

	
	
</mapper>
