<?xml version="1.0" encoding="UTF-8"?>
<!DOCTYPE configuration PUBLIC "-//mybatis.org//DTD Config 3.0//EN"
"http://mybatis.org/dtd/mybatis-3-config.dtd">

<configuration>	
	<!-- Alias 설정 -->
	<typeAliases>
		<typeAlias alias="board" type="com.springbook.biz.board.BoardVO" />
		<typeAlias alias="user" type="com.springbook.biz.user.UserVO" />
		<typeAlias alias="notice" type="com.springbook.biz.notice.NoticeVO" />
		<typeAlias alias="reply" type="com.springbook.biz.reply.ReplyVO"/>
	</typeAliases>
	
	<!-- Sql Mapper 설정 -->
	<mappers>
		<mapper resource="mappings/board-mapping.xml" />
		<mapper resource="mappings/users-mapping.xml" />
		<mapper resource="mappings/notice-mapping.xml" />
		<mapper resource="mappings/reply-mapping.xml"/>
	</mappers>
</configuration>