<?xml version="1.0" encoding="UTF-8" ?>
<!DOCTYPE mapper PUBLIC "-//mybatis.org//DTD Mapper 3.0//EN"
  "http://mybatis.org/dtd/mybatis-3-mapper.dtd">

<mapper namespace="BoardCntDAO">

	<resultMap id="boardCntResult" type="boardCnt">
		<id property="board_cnt_no" column="BOARD_CNT_NO"/>
		<result property="id" column="ID" />
		<result property="board_no" column="BOARD_NO" />
		<result property="board_gcnt" column="BOARD_GCNT" />
		<result property="board_bcnt" column="BOARD_BCNT" />
	</resultMap>

	<!-- parameterType : Mapper 파일에 등록된 sql 실행에 필요한 데이터를 외부로부터 받아야 할 때 사용-->
	<!-- resultType : 검색 관련 sql 구문이 실행되면 resultSet이 리턴되고, 여기에 저장된 검색 결과를 어떤 객체에 매핑할지 지정할 때 사용
					  select 에서만 사용 가능, resultType 대신 resultMap 속성도 사용 가능 --> 
	<!-- resultMap : 검색 결과를 특정 자바 객체에 매핑하여 리턴하기 위해 parameterType 속성을 사용하지만
	 			         단순 테이블 조회가 아닌, Join 구문을 포함할 때 or 테이블 칼럼이름과 객체 이름이 다를때는 parameterType으로 매핑 불가능
	 			         그럴때 resultMap 사용
	 			      id : pk에 해당하는 칼럼만 사용 -->

	<!-- 좋아요 -->
	<insert id="insertBoardCnt" parameterType="boardcnt">
		<![CDATA[
		INSERT INTO BOARD_CNT(BOARD_CNT_NO, ID, BOARD_NO)
		VALUES((SELECT NVL(MAX(BOARD_CNT_NO), 0) + 1 FROM BOARD_CNT),
		#{id}, #{board_no})
		]]>
	</insert>
	
	<!-- 좋아요 수 증가 -->
	<update id="updateBoardCnt">
		<![CDATA[
		UPDATE BOARD_CNT
		SET BOARD_GCNT = BOARD_GCNT + 1
		WHERE ID = #{id} AND BOARD_NO = #{board_no}
		]]>
	</update>
	
	<!-- 좋아요 수 감소 -->
	<update id="downBoardCnt">
		<![CDATA[
		UPDATE BOARD_CNT
		SET BOARD_GCNT = BOARD_GCNT - 1
		WHERE ID = #{id} AND BOARD_NO = #{board_no}
		]]>
	</update>
	
	<!-- 회원이 해당 게시물에 좋아요 버튼이 눌려져있는지 확인 -->
	<select id="saveBoardCnt" parameterType="boardcnt" resultType="int">
		<![CDATA[
		SELECT BOARD_GCNT
		FROM BOARD_CNT
		WHERE ID = #{id} AND BOARD_NO = #{board_no}
		]]>
	</select>
	
	<!-- 좋아요 취소 시, 해당 칼럼을 삭제 -->
	<delete id="deleteBoardCnt" parameterType="boardcnt">
		<![CDATA[
		DELETE FROM BOARD_CNT
		WHERE ID = #{id} AND BOARD_NO = #{board_no}
		]]>
	</delete>
	
	<select id="sumBoardCnt" parameterType="int" resultType="int">
		<![CDATA[
		SELECT COUNT(*)
		FROM BOARD_CNT
		WHERE BOARD_NO = #{board_no} AND BOARD_GCNT = 1
		]]>
	</select>
	<!-- 좋아요 끝 -->
	
	<!-- 회원이 해당 게시물에 좋아요, 싫어요를 누른 기록이 있는지 확인/ 0이 출력되면 누른 기록이 없다고 판단-->
	<select id="selectBoardCnt" parameterType="boardcnt" resultType="int">
		<![CDATA[
		SELECT COUNT(*)
		FROM BOARD_CNT
		WHERE ID = #{id} AND BOARD_NO = #{board_no}
		]]>
	</select>
	
	<!-- 싫어요 -->
	<insert id="insertBoardBcnt" parameterType="boardcnt">
		<![CDATA[
		INSERT INTO BOARD_CNT(BOARD_CNT_NO, ID, BOARD_NO)
		VALUES((SELECT NVL(MAX(BOARD_CNT_NO), 0) + 1 FROM BOARD_CNT),
		#{id}, #{board_no})
		]]>
	</insert>
	
	<!-- 싫어요 수 증가 -->
	<update id="updateBoardBcnt">
		<![CDATA[
		UPDATE BOARD_CNT
		SET BOARD_BCNT = BOARD_BCNT + 1
		WHERE ID = #{id} AND BOARD_NO = #{board_no}
		]]>
	</update>
	
	<!-- 싫어요 수 감소 -->
	<update id="downBoardBcnt">
		<![CDATA[
		UPDATE BOARD_CNT
		SET BOARD_BCNT = BOARD_BCNT - 1
		WHERE ID = #{id} AND BOARD_NO = #{board_no}
		]]>
	</update>
	
	<!-- 회원이 해당 게시물에 싫어요 버튼이 눌려져있는지 확인 -->
	<select id="saveBoardBcnt" parameterType="boardcnt" resultType="int">
		<![CDATA[
		SELECT BOARD_BCNT
		FROM BOARD_CNT
		WHERE ID = #{id} AND BOARD_NO = #{board_no}
		]]>
	</select>
	
	<!-- 싫어요 취소 시, 해당 칼럼을 삭제 -->
	<delete id="deleteBoardBcnt" parameterType="boardcnt">
		<![CDATA[
		DELETE FROM BOARD_CNT
		WHERE ID = #{id} AND BOARD_NO = #{board_no}
		]]>
	</delete>
	
	<select id="sumBoardBcnt" parameterType="int" resultType="int">
		<![CDATA[
		SELECT COUNT(*)
		FROM BOARD_CNT
		WHERE BOARD_NO = #{board_no} AND BOARD_BCNT = 1
		]]>
	</select>
	<!-- 싫어요 끝 -->
	
</mapper>
