<?xml version="1.0" encoding="UTF-8" ?>
<!DOCTYPE mapper PUBLIC "-//mybatis.org//DTD Mapper 3.0//EN"
  "http://mybatis.org/dtd/mybatis-3-mapper.dtd">

<mapper namespace="RentDAO">

	<resultMap type="com.springbook.biz.rent.RentVO"
		id="rentResult">
		<result property="rent_bno" column="RENT_BNO" />
		<result property="rent_title" column="RENT_TITLE" />
		<result property="rent_content" column="RENT_CONTENT" />
		<result property="rent_writer" column="RENT_WRITER" />
		<result property="rent_date" column="RENT_DATE" />
		<result property="rent_cnt" column="RENT_CNT" />
		<result property="rent_file" column="RENT_FILE" />
	</resultMap>

	<select id="getRentList" resultMap="rentResult">
		<![CDATA[
		SELECT *
		FROM TB_RENT
		WHERE 1 = 1
		ORDER BY RENT_BNO DESC
		]]>
	</select>

	<select id="getRent" resultType="com.springbook.biz.rent.RentVO">
		<![CDATA[
		SELECT RENT_TITLE, RENT_CONTENT, RENT_WRITER, RENT_BNO, RENT_FILE
		FROM TB_RENT
		WHERE RENT_BNO = #{rent_bno}
		]]>
	</select>

	<insert id="insertRent"
		parameterType="com.springbook.biz.rent.RentVO">			
		<![CDATA[
		INSERT INTO TB_RENT(
		RENT_BNO,
		RENT_TITLE,
		RENT_CONTENT,
		RENT_WRITER,
		RENT_FILE)
		VALUES(
		rent_bno.nextval,
		#{rent_title},
		#{rent_content},
		#{rent_writer},
		#{rent_file})
		]]>
	</insert>

	<delete id="deleteRent" parameterType="int">
	<![CDATA[
		DELETE FROM
		TB_RENT WHERE
		RENT_BNO = #{rent_bno}
	]]>
	</delete>


	<update id="updateRent"
		parameterType="com.springbook.biz.rent.RentVO">
		<![CDATA[
		UPDATE TB_RENT
		SET
		RENT_CONTENT=#{rent_content}
		WHERE
		RENT_BNO = #{rent_bno}
		]]>
	</update>

</mapper>
