<?xml version="1.0" encoding="UTF-8"?>
<!DOCTYPE mapper PUBLIC "-//mybatis.org//DTD Mapper 3.0//EN"
"http://mybatis.org/dtd/mybatis-3-mapper.dtd">
<mapper namespace="NoticeDAO">

	<resultMap id="noticeResult" type="notice">
		<id property="notice_no" column="Notice_NO" />
		<result property="notice_title" column="Notice_TITLE" />
		<result property="notice_contents" column="Notice_CONTENTS" />
		<result property="notice_date" column="Notice_DATE" />
		<result property="notice_hits" column="Notice_HITS" />
	</resultMap>

	<insert id="insertNotice" parameterType="notice">
		<![CDATA[
		INSERT INTO NOTICE(Notice_NO, Notice_TITLE, Notice_CONTENTS)
		VALUES((SELECT NVL(MAX(Notice_NO), 0) + 1 FROM NOTICE),
		#{notice_title}, #{notice_contents})
		]]>
	</insert>

	<update id="updateNotice">
		<![CDATA[
		UPDATE NOTICE SET
		Notice_TITLE = #{notice_title},
		Notice_CONTENTS = #{notice_contents}
		WHERE Notice_NO = #{notice_no}
		]]>
	</update>

	<delete id="deleteNotice">
		<![CDATA[
		DELETE NOTICE
		WHERE Notice_NO = #{notice_no}
		]]>
	</delete>

	<select id="getNotice" resultType="notice">
		<![CDATA[
		SELECT *
		FROM NOTICE
		WHERE Notice_NO = #{notice_no}
		]]>
	</select>
	
	<update id="viewCount">
		<![CDATA[
		UPDATE NOTICE
		SET Notice_HITS = Notice_HITS + 1
		WHERE Notice_NO = #{notice_no}
		]]>
	</update>

	<!-- Dynamic SQL 적용(SQL의 중복 문제 해결, 쿼리를 두개 만들 수 있었던것을 하나로 생성) -->
	<!-- if라는 동적요소를 사용하여 조건에 따른 분기 처리를 함 -->
	<select id="getNoticeList" resultMap="noticeResult">
		SELECT *
		FROM NOTICE
		WHERE 1 = 1
		<if test="searchCondition == 'Notice_TITLE'">
			AND Notice_TITLE LIKE '%'||#{searchKeyword}||'%'
		</if>
		<if test="searchCondition == 'Notice_CONTENTS'">
			AND Notice_CONTENTS LIKE '%'||#{searchKeyword}||'%'
		</if>
		ORDER BY Notice_NO DESC
	</select>
	
	<select id="noticeList" parameterType="map" resultType="map">
		<![CDATA[
		SELECT *
		FROM NOTICE
		WHERE 1=1
		ORDER BY Notice_DATE DESC
		]]>
	</select>

</mapper>